code_name,ticker,created_at,text,sentiment,sentiment_reasoning,tickers,article_url,source
AAPL,AAPL,2024-06-07 09:35:00,"1 Vanguard Index Fund Up 1,310% in 20 Years to Buy for the Artificial Intelligence (AI) Bull Market",,,VGT|MSFT|AAPL|CSCO|CRM|NVDA|AMD|ORCL|ACN|AVGO|ADBE,https://www.fool.com/investing/2024/06/07/1-index-fund-up-1310-to-buy-now-for-ai-bull-market/,The Motley Fool
AAPL,AAPL,2024-06-07 10:35:00,"""Magnificent Seven"" Stock Split: Who Will Be Next After Nvidia?",,,META|MSFT|NVDA|GOOGL|AAPL|TSLA|AMZN|GOOG,https://www.fool.com/investing/2024/06/07/magnificent-seven-stock-split-who-will-be-next-aft/,The Motley Fool
AAPL,AAPL,2024-06-07 11:59:00,Abercrombie & Fitch and Havertys have been highlighted as Zacks Bull and Bear of the Day,,,AAPL|MSFT|ANF|NVDA|HVT,https://www.zacks.com/stock/news/2285172/abercrombie-fitch-and-havertys-have-been-highlighted-as-zacks-bull-and-bear-of-the-day,Zacks Investment Research
AAPL,AAPL,2024-06-07 12:15:00,Apple's Healthcare Ambitions Just Took a Leap Forward: Time to Buy?,,,AAPL,https://www.fool.com/investing/2024/06/07/apples-healthcare-ambitions-just-took-leap-forward/,The Motley Fool
AAPL,AAPL,2024-06-07 13:26:00,Nasdaq ETF (QQQM) Hits New 52-Week High,,,AAPL|NVDA|QQQM,https://www.zacks.com/stock/news/2285223/nasdaq-etf-qqqm-hits-new-52-week-high,Zacks Investment Research
AAPL,AAPL,2024-06-07 14:23:00,Why Should You Buy NVIDIA (NVDA) Even After a Massive Surge?,,,AMZN|AAPL|AMD|NVDA|GOOGL,https://www.zacks.com/stock/news/2285378/why-should-you-buy-nvidia-nvda-even-after-a-massive-surge,Zacks Investment Research
AAPL,AAPL,2024-06-07 15:00:20,"Tim Cook Has His Task Cut Out Ahead Of WWDC: Expert Says Apple Needs To Show The 'Vision Ahead, Saying We Know…'",,,AAPL|AAPL,https://www.benzinga.com/analyst-ratings/analyst-color/24/06/39229359/tim-cook-has-his-task-cut-out-ahead-of-wwdc-expert-says-apple-needs-to-show-the-vis,Benzinga
AAPL,AAPL,2024-06-07 15:14:00,Alphabet (GOOGL) Boosts Generative AI Footprint With NotebookLM,,,AAPL|MSFT|NVDA|GOOGL,https://www.zacks.com/stock/news/2285574/alphabet-googl-boosts-generative-ai-footprint-with-notebooklm,Zacks Investment Research
AAPL,AAPL,2024-06-07 16:49:03,"Smart Money Trims Stocks On Strong Jobs Report - Raise Hedges, China Stops Buying Gold",,,GLD|SLV|USO|AMZN|GOOG|MSFT|NVDA|AAPL|TSLA|QQQ|META,https://www.benzinga.com/markets/24/06/39232147/smart-money-trims-stocks-on-strong-jobs-report-raise-hedges-china-stops-buying-gold,Benzinga
AAPL,AAPL,2024-06-07 17:29:30,3 Big Tech Companies Drive Market Highs,,,LULU|AAPL|MSFT|NVDA,https://www.fool.com/investing/2024/06/07/3-big-tech-companies-drive-market-highs/,The Motley Fool
AAPL,AAPL,2024-06-07 20:25:32,"Stocks Hit Record Highs, Central Banks Cut Rates, Tight US Jobs Report Dampens Fed Easing Hopes: This Week In The Market",,,AAPL|NVDA|BK|SOXX|HOOD,https://www.benzinga.com/markets/equities/24/06/39236384/stocks-hit-record-highs-central-banks-cut-rates-tight-us-jobs-report-dampens-fed-easing-hopes-th,Benzinga
AAPL,AAPL,2024-06-07 21:45:10,Apple (AAPL) Rises As Market Takes a Dip: Key Facts,,,AAPL,https://www.zacks.com/stock/news/2285646/apple-aapl-rises-as-market-takes-a-dip-key-facts,Zacks Investment Research
