Date,Open,High,Low,Close,Adj Close,Volume
2021-01-04,20.43,21.06,19.97,20.95,20.95,68968248.0
2021-01-05,20.64,21.39,20.38,20.65,20.65,49270083.0
2021-01-06,20.6,22.66,20.43,21.89,21.89,65196126.0
2021-01-07,21.6,22.55,21.36,22.08,22.08,53653286.0
2021-01-08,22.2,22.45,21.07,21.67,21.67,46431765.0
2021-01-11,22.43,23.18,21.15,21.8,21.8,64393720.0
2021-01-12,21.31,23.08,21.23,23.0,23.0,62192264.0
2021-01-13,23.25,23.4,21.5,21.91,21.91,61638389.0
2021-01-14,21.52,21.66,20.32,20.71,20.71,53759395.0
2021-01-15,20.69,20.83,19.89,20.43,20.43,35046081.0
2021-01-18,20.71,21.65,20.66,21.15,21.15,34919712.0
2021-01-19,21.05,21.48,20.38,20.5,20.5,23642272.0
2021-01-20,20.52,20.99,20.24,20.88,20.88,21825389.0
2021-01-21,20.75,21.12,20.52,20.68,20.68,24973012.0
2021-01-22,20.55,20.66,19.81,20.26,20.26,28631362.0
2021-01-25,20.35,20.88,19.82,19.88,19.88,28519504.0
2021-01-26,19.6,19.61,18.36,18.39,18.39,36965923.0
2021-01-27,18.3,18.72,18.26,18.49,18.49,20190829.0
2021-01-28,18.3,19.59,18.1,18.86,18.86,28520190.0
2021-01-29,19.0,19.14,17.88,18.32,18.32,19096089.0
2021-02-01,18.19,18.36,17.88,18.06,18.06,13940212.0
2021-02-02,18.12,18.34,17.8,18.22,18.22,15620235.0
2021-02-03,18.18,18.26,17.51,17.52,17.52,17599638.0
2021-02-04,17.38,17.81,16.77,17.02,17.02,21381800.0
2021-02-05,17.35,17.39,16.48,16.5,16.5,12924241.0
2021-02-08,16.46,16.69,16.16,16.46,16.46,10804771.0
2021-02-09,16.6,17.25,16.32,17.02,17.02,17519077.0
2021-02-10,17.06,17.09,16.62,16.9,16.9,14893544.0
2021-02-18,17.11,17.44,16.95,16.99,16.99,17752137.0
2021-02-19,16.95,17.42,16.92,17.37,17.37,15234568.0
2021-02-22,17.38,17.56,16.94,16.95,16.95,24809448.0
2021-02-23,16.84,17.75,16.53,17.74,17.74,34565940.0
2021-02-24,17.9,18.19,17.17,17.48,17.48,31792622.0
2021-02-25,17.54,17.8,17.25,17.6,17.6,22372987.0
2021-02-26,17.27,17.47,16.96,17.07,17.07,17678954.0
2021-03-01,17.07,17.19,16.88,17.17,17.17,13495033.0
2021-03-02,17.35,17.53,16.99,17.4,17.4,18356808.0
2021-03-03,17.18,17.35,17.02,17.32,17.32,12391895.0
2021-03-04,17.15,18.07,17.11,17.5,17.5,24231989.0
2021-03-05,17.2,17.4,16.89,17.32,17.32,15155978.0
2021-03-08,17.24,17.35,16.2,16.2,16.2,23548604.0
2021-03-09,16.14,16.15,15.27,15.31,15.31,18957291.0
2021-03-10,15.47,15.59,14.9,14.94,14.94,13958892.0
2021-03-11,15.0,15.15,14.78,15.13,15.13,13129028.0
2021-03-12,15.11,15.11,14.59,14.75,14.75,18442976.0
2021-03-15,14.78,15.14,14.74,14.97,14.97,14652527.0
2021-03-16,14.96,15.1,14.84,14.99,14.99,8540145.0
2021-03-17,15.01,15.24,14.9,15.17,15.17,11531070.0
2021-03-18,15.17,15.44,15.14,15.22,15.22,11521158.0
2021-03-19,15.08,15.62,14.91,15.3,15.3,14166820.0
2021-03-22,15.25,15.45,15.08,15.36,15.36,8961261.0
2021-03-23,15.36,15.64,15.31,15.49,15.49,11393438.0
2021-03-24,15.55,15.55,15.03,15.21,15.21,10478535.0
2021-03-25,15.08,15.37,15.03,15.26,15.26,8320111.0
2021-03-26,15.29,15.47,15.19,15.42,15.42,7870440.0
2021-03-29,15.6,15.84,15.52,15.59,15.59,13180545.0
2021-03-30,15.6,16.05,15.59,15.98,15.98,17547216.0
2021-03-31,15.81,15.81,15.01,15.09,15.09,19415812.0
2021-04-01,15.1,15.17,14.81,15.01,15.01,14628465.0
2021-04-02,15.0,15.1,14.85,14.96,14.96,13361757.0
2021-04-06,15.02,15.18,14.98,15.06,15.06,12090917.0
2021-04-07,15.0,15.06,14.82,14.94,14.94,10744543.0
2021-04-08,14.96,14.98,14.78,14.81,14.81,12628411.0
2021-04-09,14.77,14.93,14.72,14.76,14.76,9345519.0
2021-04-12,14.75,14.82,14.33,14.43,14.43,12970743.0
2021-04-13,14.41,14.53,14.33,14.41,14.41,5712569.0
2021-04-14,14.41,14.79,14.41,14.75,14.75,9397668.0
2021-04-15,14.74,14.87,14.66,14.81,14.81,8623360.0
2021-04-16,14.82,15.05,14.74,14.99,14.99,11417789.0
2021-04-19,15.0,15.09,14.94,15.06,15.06,9232943.0
2021-04-20,15.07,15.08,14.91,14.95,14.95,9858309.0
2021-04-21,14.88,14.95,14.72,14.86,14.86,6453218.0
2021-04-22,14.9,15.1,14.84,14.9,14.9,7207502.0
2021-04-23,14.9,14.91,14.72,14.82,14.82,5622684.0
2021-04-26,14.85,15.05,14.7,14.72,14.72,8962638.0
2021-04-27,14.72,14.72,14.39,14.4,14.4,9920700.0
2021-04-28,14.34,14.48,14.3,14.43,14.43,5765209.0
2021-04-29,14.42,15.27,14.38,14.95,14.95,18731393.0
2021-04-30,14.95,15.05,14.78,15.03,15.03,12591635.0
2021-05-06,15.0,15.33,14.91,15.22,15.22,14482158.0
2021-05-07,15.17,15.4,15.05,15.14,15.14,12056939.0
2021-05-10,15.09,15.15,14.7,14.83,14.83,9484914.0
2021-05-11,14.72,15.26,14.72,15.18,15.18,11890402.0
2021-05-12,15.13,15.13,14.95,15.05,15.05,7217646.0
2021-05-13,14.95,15.32,14.95,15.16,15.16,10987054.0
2021-05-14,15.1,15.55,15.09,15.47,15.47,19686420.0
2021-05-17,15.6,15.77,15.26,15.3,15.3,16194284.0
2021-05-18,15.3,15.65,15.18,15.48,15.48,15650456.0
2021-05-19,15.49,15.54,15.25,15.28,15.28,9657419.0
2021-05-20,15.44,15.54,15.26,15.45,15.45,11235086.0
2021-05-21,15.42,15.45,15.05,15.08,15.08,11906633.0
2021-05-24,15.08,15.25,15.06,15.17,15.17,6938343.0
2021-05-25,15.17,15.65,15.02,15.55,15.55,18902698.0
2021-05-26,15.58,15.83,15.44,15.5,15.5,18223973.0
2021-05-27,15.51,15.63,15.4,15.58,15.58,12511794.0
2021-05-28,15.58,15.75,15.49,15.7,15.7,14392966.0
2021-05-31,15.8,16.0,15.61,15.99,15.99,18399724.0
2021-06-01,15.9,15.97,15.56,15.7,15.7,16329545.0
2021-06-02,15.7,15.8,15.35,15.38,15.38,12012028.0
2021-06-03,15.38,15.55,15.31,15.32,15.32,8440845.0
2021-06-04,15.32,15.67,15.24,15.5,15.5,11838785.0
2021-06-07,15.6,15.85,15.6,15.74,15.74,13273726.0
2021-06-08,15.73,15.94,15.6,15.89,15.89,14725162.0
2021-06-09,16.01,16.1,15.72,15.74,15.74,13112809.0
2021-06-10,15.73,16.05,15.65,16.03,16.03,16569998.0
2021-06-11,16.03,16.03,15.46,15.52,15.52,16980781.0
2021-06-15,15.47,15.67,15.36,15.52,15.52,10146438.0
2021-06-16,15.55,16.19,15.5,15.95,15.95,28610512.0
2021-06-17,15.98,16.1,15.78,16.03,16.03,13595703.0
2021-06-18,16.0,16.49,15.87,16.41,16.41,22243323.0
2021-06-21,16.59,17.26,16.57,17.25,17.25,35659755.0
2021-06-22,17.4,17.48,16.85,16.94,16.94,24490590.0
2021-06-23,16.73,16.99,16.72,16.87,16.87,16315667.0
2021-06-24,16.85,17.15,16.46,16.49,16.49,18799698.0
2021-06-25,16.48,16.8,16.34,16.7,16.7,14169862.0
2021-06-28,16.8,16.86,16.16,16.39,16.39,18699703.0
2021-06-29,16.33,16.56,16.15,16.21,16.21,11591763.0
2021-06-30,16.15,16.55,16.15,16.55,16.55,11714404.0
2021-07-01,16.55,16.65,15.55,15.57,15.57,20251423.0
2021-07-02,15.57,15.58,14.93,14.98,14.98,17402794.0
2021-07-05,14.9,15.35,14.9,15.17,15.17,11689908.0
2021-07-06,15.19,15.23,14.99,15.15,15.15,7527458.0
2021-07-07,15.11,15.49,15.02,15.3,15.3,9919831.0
2021-07-08,15.32,15.95,15.28,15.87,15.87,24262956.0
2021-07-09,15.76,15.88,15.56,15.86,15.86,12941692.0
2021-07-12,15.85,16.25,15.66,16.08,16.08,16962866.0
2021-07-13,16.06,16.23,15.78,15.86,15.86,12155904.0
2021-07-14,15.87,15.89,15.44,15.48,15.48,10079294.0
2021-07-15,15.46,15.66,15.22,15.51,15.51,9204262.0
2021-07-16,15.43,16.35,15.41,16.35,16.35,25432081.0
2021-07-19,16.5,16.66,16.11,16.46,16.46,23451432.0
2021-07-20,16.19,16.63,16.18,16.41,16.41,12801208.0
2021-07-21,16.4,16.65,16.3,16.62,16.62,15604395.0
2021-07-22,16.56,16.57,16.08,16.24,16.24,18358101.0
2021-07-23,16.19,16.77,15.97,16.47,16.47,19910599.0
2021-07-26,16.39,17.1,16.22,16.22,16.22,34800880.0
2021-07-27,16.18,17.13,15.91,16.53,16.53,44240233.0
2021-07-28,16.3,16.39,15.51,15.76,15.76,26686900.0
2021-07-29,15.85,16.6,15.84,16.57,16.57,21966842.0
2021-07-30,16.56,16.7,16.28,16.52,16.52,19057251.0
2021-08-02,16.44,17.39,16.4,17.3,17.3,32256149.0
2021-08-03,17.17,17.27,16.77,16.87,16.87,22588471.0
2021-08-04,16.9,17.41,16.85,17.21,17.21,26827234.0
2021-08-05,17.27,18.93,17.2,18.93,18.93,70445081.0
2021-08-06,18.79,19.04,18.27,18.83,18.83,52818038.0
2021-08-09,18.85,19.61,18.5,18.71,18.71,32917643.0
2021-08-10,18.77,20.58,18.61,19.96,19.96,76828420.0
2021-08-11,19.9,20.19,19.38,19.48,19.48,46578031.0
2021-08-12,19.5,19.6,18.5,18.75,18.75,41289254.0
2021-08-13,18.75,19.04,18.4,18.6,18.6,32998414.0
2021-08-16,18.65,18.86,18.04,18.27,18.27,26300296.0
2021-08-17,18.27,18.69,17.88,17.97,17.97,28944589.0
2021-08-18,17.97,18.64,17.88,18.59,18.59,28848594.0
2021-08-19,18.51,19.31,18.2,18.77,18.77,32678281.0
2021-08-20,18.53,18.94,18.36,18.67,18.67,21013539.0
2021-08-23,18.8,19.62,18.51,19.49,19.49,34772996.0
2021-08-24,19.01,19.24,18.51,19.15,19.15,29251961.0
2021-08-25,19.09,19.36,18.7,18.91,18.91,17418525.0
2021-08-26,18.92,20.32,18.85,19.82,19.82,44918881.0
2021-08-27,19.61,19.91,18.83,19.71,19.71,34229380.0
2021-08-30,19.81,20.28,19.24,19.45,19.45,36654761.0
2021-08-31,19.4,20.03,19.05,19.48,19.48,27775025.0
2021-09-01,19.66,19.66,18.15,18.41,18.41,29730246.0
2021-09-02,18.43,18.75,18.19,18.62,18.62,16190194.0
2021-09-03,18.44,18.68,17.48,17.9,17.9,24862069.0
2021-09-06,17.92,18.08,17.63,17.86,17.86,22598676.0
2021-09-07,17.81,18.28,17.8,17.9,17.9,23717513.0
2021-09-08,17.94,18.18,17.72,17.93,17.93,18002438.0
2021-09-09,17.92,18.72,17.75,18.65,18.65,30284541.0
2021-09-10,18.68,18.7,18.24,18.51,18.51,17952648.0
2021-09-13,18.6,18.7,18.26,18.35,18.35,13677487.0
2021-09-14,18.34,18.75,18.2,18.25,18.25,15938958.0
2021-09-15,18.02,18.38,17.83,18.28,18.28,11365837.0
2021-09-16,18.25,18.45,17.5,17.55,17.55,15527521.0
2021-09-17,17.66,17.8,16.84,17.17,17.17,24812528.0
2021-09-22,17.04,17.56,16.95,17.42,17.42,12672974.0
2021-09-23,17.5,17.84,17.35,17.81,17.81,16626703.0
2021-09-24,17.76,17.86,17.52,17.63,17.63,9202163.0
2021-09-27,17.66,17.77,16.93,17.16,17.16,11808806.0
2021-09-28,17.14,17.32,16.93,16.97,16.97,12704192.0
2021-09-29,16.89,16.96,16.45,16.62,16.62,13388468.0
2021-09-30,16.62,16.78,16.44,16.48,16.48,11611967.0
2021-10-08,16.57,16.73,16.51,16.66,16.66,7935969.0
2021-10-11,16.66,17.22,16.64,17.07,17.07,13654012.0
2021-10-12,16.95,16.95,16.58,16.65,16.65,8156968.0
2021-10-13,16.4,16.4,15.74,16.24,16.24,13553105.0
2021-10-14,16.33,16.65,16.12,16.48,16.48,9622274.0
2021-10-15,16.49,16.75,16.4,16.68,16.68,8308764.0
2021-10-18,16.69,17.08,16.64,16.75,16.75,9619100.0
2021-10-19,16.73,16.88,16.59,16.78,16.78,6751785.0
2021-10-20,16.79,17.02,16.49,16.93,16.93,9006742.0
2021-10-21,16.76,17.04,16.7,16.92,16.92,9913814.0
2021-10-22,16.92,17.17,16.8,17.12,17.12,14299786.0
2021-10-25,17.15,17.7,17.1,17.59,17.59,21587303.0
2021-10-26,17.51,17.67,17.35,17.49,17.49,11041486.0
2021-10-27,17.85,17.88,17.18,17.53,17.53,15506949.0
2021-10-28,17.41,17.58,17.03,17.07,17.07,12185305.0
2021-10-29,17.15,17.86,17.0,17.76,17.76,15905900.0
2021-11-01,17.79,18.17,17.4,17.92,17.92,24275588.0
2021-11-02,18.13,18.85,18.03,18.71,18.71,37307751.0
2021-11-03,18.55,18.77,18.25,18.64,18.64,18710968.0
2021-11-04,18.65,18.92,18.45,18.78,18.78,15212667.0
2021-11-05,18.71,18.92,18.55,18.63,18.63,14888545.0
2021-11-08,18.55,18.89,18.22,18.66,18.66,14715052.0
2021-11-09,18.61,19.35,18.52,18.99,18.99,23799215.0
2021-11-10,18.88,19.25,18.8,18.9,18.9,19147814.0
2021-11-11,18.82,18.98,18.55,18.72,18.72,13604104.0
2021-11-12,18.7,19.49,18.68,19.34,19.34,21093029.0
2021-11-15,19.48,19.69,18.9,19.05,19.05,22977086.0
2021-11-16,18.88,19.22,18.15,18.15,18.15,24059818.0
2021-11-17,18.08,18.54,17.71,18.26,18.26,21974522.0
2021-11-18,18.3,19.06,17.98,18.78,18.78,18822635.0
2021-11-19,18.76,19.26,18.6,19.11,19.11,15410964.0
2021-11-22,19.11,19.24,18.85,19.11,19.11,13250947.0
2021-11-23,19.08,20.2,18.99,19.73,19.73,28070634.0
2021-11-24,19.62,19.87,19.26,19.35,19.35,12625245.0
2021-11-25,19.35,20.08,19.2,19.68,19.68,17239756.0
2021-11-26,19.6,19.85,19.42,19.56,19.56,12304765.0
2021-11-29,19.43,20.3,19.4,20.03,20.03,24503933.0
2021-11-30,19.95,20.82,19.88,20.38,20.38,27729691.0
2021-12-01,20.32,20.66,19.8,20.0,20.0,20982313.0
2021-12-02,20.0,20.75,19.86,20.5,20.5,21262670.0
2021-12-03,20.46,21.0,20.28,21.0,21.0,20335486.0
2021-12-06,20.94,20.99,20.52,20.66,20.66,17452738.0
2021-12-07,20.72,20.8,19.72,19.98,19.98,22153608.0
2021-12-08,19.89,21.05,19.82,20.74,20.74,28522243.0
2021-12-09,20.62,20.83,20.12,20.16,20.16,25143151.0
2021-12-10,20.0,20.13,19.46,19.58,19.58,22255960.0
2021-12-13,19.83,19.84,19.08,19.38,19.38,23059661.0
2021-12-14,19.28,19.87,19.21,19.66,19.66,16862865.0
2021-12-15,19.54,19.88,19.5,19.63,19.63,8950730.0
2021-12-16,19.4,19.9,19.34,19.68,19.68,14695885.0
2021-12-17,19.7,19.75,19.2,19.4,19.4,10784246.0
2021-12-20,19.3,19.8,19.09,19.17,19.17,11606680.0
2021-12-21,19.1,19.4,18.77,19.28,19.28,12245064.0
2021-12-22,19.3,20.67,19.08,20.26,20.26,22767570.0
2021-12-23,20.28,21.0,19.93,20.9,20.9,31424075.0
2021-12-24,20.7,20.99,20.6,20.8,20.8,15496138.0
2021-12-27,20.78,21.15,20.27,20.52,20.52,23858615.0
2021-12-28,20.53,21.05,20.2,20.75,20.75,14120808.0
2021-12-29,20.75,21.69,20.6,21.5,21.5,27755816.0
2021-12-30,21.55,22.94,21.33,22.6,22.6,36310281.0
2021-12-31,22.49,22.97,22.28,22.39,22.39,23237865.0
2022-01-04,22.38,22.7,21.86,22.18,22.18,19098424.0
2022-01-05,22.18,22.31,20.59,20.65,20.65,27541493.0
2022-01-06,20.63,20.91,20.03,20.61,20.61,22863010.0
2022-01-07,20.61,20.8,19.89,20.05,20.05,19023006.0
2022-01-10,20.1,20.15,19.48,19.75,19.75,15714753.0
2022-01-11,19.8,19.89,19.16,19.3,19.3,15209984.0
2022-01-12,19.44,19.63,19.17,19.5,19.5,17916393.0
2022-01-13,19.46,19.5,18.7,18.94,18.94,17416724.0
2022-01-14,18.94,19.35,18.75,18.86,18.86,15100889.0
2022-01-17,18.76,19.23,18.76,19.11,19.11,10897959.0
2022-01-18,19.01,19.48,18.95,19.19,19.19,14120347.0
2022-01-19,19.19,19.33,18.49,18.61,18.61,17101841.0
2022-01-20,18.71,18.75,17.61,17.9,17.9,35499875.0
2022-01-21,17.64,18.1,17.35,17.8,17.8,19322062.0
2022-01-24,17.7,17.79,17.47,17.58,17.58,9575431.0
2022-01-25,17.7,17.98,17.11,17.5,17.5,17759198.0
2022-01-26,17.36,17.49,17.0,17.27,17.27,9623739.0
2022-01-27,17.18,17.39,17.0,17.03,17.03,9504716.0
2022-01-28,17.21,17.42,16.75,17.13,17.13,9971075.0
2022-02-07,17.43,17.51,17.24,17.43,17.43,9317479.0
2022-02-08,17.4,17.62,17.08,17.57,17.57,14497851.0
2022-02-09,17.5,17.94,17.4,17.83,17.83,13270040.0
2022-02-10,17.81,17.98,17.66,17.84,17.84,7578594.0
2022-02-11,17.8,17.8,17.46,17.52,17.52,5929700.0
2022-02-14,17.5,17.8,17.35,17.52,17.52,9377500.0
2022-02-15,17.4,17.93,17.36,17.75,17.75,14712039.0
2022-02-16,17.61,17.65,17.35,17.44,17.44,7523820.0
2022-02-17,17.39,17.51,17.14,17.32,17.32,9543628.0
2022-02-18,17.29,17.38,17.13,17.38,17.38,6181632.0
2022-02-21,17.4,17.72,17.33,17.6,17.6,8779959.0
2022-02-22,17.78,17.84,17.16,17.6,17.6,13897432.0
2022-02-23,17.5,18.08,17.48,17.96,17.96,14916085.0
2022-02-24,17.95,18.68,17.76,18.23,18.23,23305290.0
2022-02-25,18.01,18.21,17.85,18.13,18.13,10362577.0
2022-02-28,18.23,18.3,17.96,18.18,18.18,10588135.0
2022-03-01,18.18,19.31,18.1,19.25,19.25,31924950.0
2022-03-02,19.14,19.45,19.03,19.33,19.33,16168787.0
2022-03-03,19.22,19.3,18.8,18.95,18.95,13078715.0
2022-03-04,18.85,19.13,18.5,18.54,18.54,10014054.0
2022-03-07,18.64,19.07,18.11,18.67,18.67,18625563.0
2022-03-08,18.68,19.15,18.18,18.23,18.23,16486396.0
2022-03-09,18.4,18.74,17.24,18.06,18.06,19780569.0
2022-03-10,18.35,18.98,18.25,18.76,18.76,14544444.0
2022-03-11,18.52,19.2,18.18,19.2,19.2,16904301.0
2022-03-14,19.0,19.79,18.84,19.16,19.16,21809171.0
2022-03-15,19.12,19.3,18.52,18.55,18.55,19129781.0
2022-03-16,18.86,19.35,17.67,19.3,19.3,24228533.0
2022-03-17,19.1,19.85,18.66,18.96,18.96,22507483.0
2022-03-18,18.8,18.87,18.0,18.4,18.4,15837946.0
2022-03-21,18.5,19.08,18.29,18.58,18.58,13788331.0
2022-03-22,18.83,19.0,18.22,18.66,18.66,10689207.0
2022-03-23,18.45,19.85,18.33,19.6,19.6,27506299.0
2022-03-24,19.4,20.28,19.3,19.96,19.96,33331764.0
2022-03-25,19.93,20.5,19.8,19.93,19.93,20232686.0
2022-03-28,19.73,20.14,19.34,19.87,19.87,14778326.0
2022-03-29,19.87,20.63,19.72,19.86,19.86,18759628.0
2022-03-30,19.8,20.5,19.65,20.21,20.21,14812067.0
2022-03-31,20.1,20.1,18.19,18.77,18.77,36872471.0
2022-04-01,18.51,18.87,18.27,18.32,18.32,20787428.0
2022-04-06,18.33,19.03,18.0,18.72,18.72,17862817.0
2022-04-07,18.62,19.16,18.36,18.42,18.42,12759894.0
2022-04-08,18.21,18.9,17.75,17.84,17.84,15485600.0
2022-04-11,17.75,17.75,17.0,17.01,17.01,14556317.0
2022-04-12,16.97,17.05,16.2,17.03,17.03,16499794.0
2022-04-13,16.93,16.95,16.25,16.29,16.29,14493957.0
2022-04-14,16.39,16.58,16.16,16.33,16.33,11683144.0
2022-04-15,16.23,16.58,16.09,16.34,16.34,9551370.0
2022-04-18,16.23,17.17,16.1,17.15,17.15,15282446.0
2022-04-19,17.13,17.18,16.78,16.99,16.99,9326882.0
2022-04-20,17.0,17.44,16.9,17.01,17.01,8728622.0
2022-04-21,16.9,17.68,16.69,16.8,16.8,14879668.0
2022-04-22,16.7,17.32,16.55,17.09,17.09,11980356.0
2022-04-25,16.9,16.9,15.38,15.41,15.41,15195058.0
2022-04-26,15.42,15.54,14.16,14.21,14.21,17449427.0
2022-04-27,14.21,15.46,14.05,15.36,15.36,13981685.0
2022-04-28,15.16,16.4,14.96,15.71,15.71,15714516.0
2022-04-29,16.02,16.98,15.61,16.98,16.98,18726989.0
2022-05-05,16.77,18.2,16.71,17.9,17.9,19542365.0
2022-05-06,17.48,17.8,17.17,17.35,17.35,10441825.0
2022-05-09,17.37,18.75,17.18,18.52,18.52,18900532.0
2022-05-10,18.57,18.8,18.2,18.51,18.51,16018201.0
2022-05-11,18.61,18.78,18.23,18.29,18.29,17059585.0
2022-05-12,18.25,19.01,18.06,18.99,18.99,17315231.0
2022-05-13,18.99,19.2,18.62,18.82,18.82,15073369.0
2022-05-16,19.1,19.45,18.85,19.02,19.02,19387623.0
2022-05-17,19.08,19.42,18.73,19.28,19.28,11542408.0
2022-05-18,19.18,19.96,19.18,19.78,19.78,12241888.0
2022-05-19,19.48,19.75,19.35,19.62,19.62,7032999.0
2022-05-20,19.79,19.79,19.01,19.41,19.41,15480269.0
2022-05-23,19.3,19.41,18.66,19.35,19.35,13672256.0
2022-05-24,19.38,19.8,18.54,18.73,18.73,13185395.0
2022-05-25,18.61,18.93,18.45,18.85,18.85,9615564.0
2022-05-26,18.9,20.74,18.82,20.6,20.6,68383231.0
2022-05-27,20.6,20.6,20.6,20.6,20.6,
2022-05-30,20.6,20.6,20.6,20.6,20.6,
2022-05-31,20.6,20.6,20.6,20.6,20.6,
2022-06-01,20.6,20.6,20.6,20.6,20.6,
2022-06-02,20.6,20.6,20.6,20.6,20.6,
2022-06-06,20.6,20.6,20.6,20.6,20.6,
2022-06-07,20.6,20.6,20.6,20.6,20.6,
2022-06-08,20.6,20.6,20.6,20.6,20.6,
2022-06-09,20.6,20.6,20.6,20.6,20.6,
2022-06-10,20.6,20.6,20.6,20.6,20.6,
2022-06-13,22.66,22.66,21.2,21.91,21.91,191010673.0
2022-06-14,20.4,20.4,19.72,19.72,19.72,52340325.0
2022-06-15,19.17,20.85,19.17,19.4,19.4,84877417.0
2022-06-16,19.34,19.93,18.89,19.14,19.14,53845145.0
2022-06-17,19.11,19.24,18.56,19.02,19.02,44914731.0
2022-06-20,18.89,19.13,18.73,18.88,18.88,30069077.0
2022-06-21,18.88,19.35,18.5,19.02,19.02,40834924.0
2022-06-22,18.93,19.14,18.72,18.83,18.83,23693020.0
2022-06-23,18.65,19.89,18.65,19.6,19.6,45335289.0
2022-06-24,19.57,20.35,19.5,19.7,19.7,36871600.0
2022-06-27,19.71,19.78,19.31,19.35,19.35,20022267.0
2022-06-28,19.34,20.19,19.29,19.88,19.88,25182180.0
2022-06-29,19.87,19.98,19.31,19.33,19.33,20941697.0
2022-06-30,19.33,19.61,19.1,19.39,19.39,21599320.0
2022-07-01,19.18,19.49,18.77,18.87,18.87,21623660.0
2022-07-04,18.92,20.3,18.71,20.01,20.01,40925878.0
2022-07-05,19.9,20.01,19.54,19.85,19.85,20067194.0
2022-07-06,19.85,20.13,19.28,19.57,19.57,18887656.0
2022-07-07,19.65,20.05,19.35,19.55,19.55,23084762.0
2022-07-08,19.44,19.64,19.08,19.12,19.12,18940799.0
2022-07-11,19.18,19.48,18.75,19.33,19.33,16913897.0
2022-07-12,19.21,19.41,18.95,18.99,18.99,12836935.0
2022-07-13,18.87,19.11,18.82,19.0,19.0,10725091.0
2022-07-14,19.05,19.44,18.92,19.27,19.27,16207889.0
2022-07-15,19.27,19.5,18.85,18.86,18.86,15184914.0
2022-07-18,18.78,19.09,18.59,18.98,18.98,12496065.0
2022-07-19,18.97,19.29,18.81,18.96,18.96,11121930.0
2022-07-20,19.08,19.94,19.01,19.83,19.83,31384842.0
2022-07-21,20.59,20.59,19.31,19.37,19.37,27830489.0
2022-07-22,19.37,19.51,18.95,19.19,19.19,17091788.0
2022-07-25,19.28,19.71,18.8,18.96,18.96,21759787.0
2022-07-26,18.87,19.19,18.8,19.07,19.07,11663311.0
2022-07-27,18.99,19.32,18.92,19.03,19.03,14305785.0
2022-07-28,19.05,19.19,18.95,19.1,19.1,15386815.0
2022-07-29,19.06,19.24,18.81,19.23,19.23,19665396.0
2022-08-01,19.27,19.5,18.9,19.03,19.03,17306269.0
2022-08-02,19.13,19.39,18.63,18.77,18.77,20001846.0
2022-08-03,18.8,19.55,18.4,19.21,19.21,36129834.0
2022-08-04,19.14,19.14,18.71,19.01,19.01,20076786.0
2022-08-05,18.96,19.11,18.78,18.96,18.96,14332572.0
2022-08-08,18.96,19.15,18.83,19.01,19.01,14423673.0
2022-08-09,18.97,19.45,18.85,19.36,19.36,24031973.0
2022-08-10,19.19,19.74,19.16,19.43,19.43,24233920.0
2022-08-11,19.49,19.58,19.21,19.48,19.48,16938563.0
2022-08-12,19.4,19.55,19.24,19.26,19.26,15624621.0
2022-08-15,19.25,19.58,19.2,19.39,19.39,16719137.0
2022-08-16,19.39,19.53,19.07,19.15,19.15,16992012.0
2022-08-17,19.11,19.12,18.84,19.01,19.01,12709338.0
2022-08-18,19.0,19.05,18.86,18.92,18.92,10187785.0
2022-08-19,18.89,18.99,18.69,18.72,18.72,12778668.0
2022-08-22,18.66,19.08,18.53,18.84,18.84,11429097.0
2022-08-23,18.78,18.79,18.53,18.66,18.66,13073136.0
2022-08-24,18.6,18.67,17.98,18.36,18.36,25405002.0
2022-08-25,18.3,18.64,18.22,18.6,18.6,15147763.0
2022-08-26,18.4,18.72,18.4,18.5,18.5,10611981.0
2022-08-29,18.39,18.64,18.31,18.53,18.53,6978718.0
2022-08-30,18.54,18.55,18.41,18.5,18.5,4524341.0
2022-08-31,18.52,18.72,18.37,18.57,18.57,11706139.0
2022-09-01,18.33,18.54,18.21,18.3,18.3,12253847.0
2022-09-02,18.3,18.42,18.17,18.29,18.29,6829446.0
2022-09-05,18.27,18.28,18.05,18.2,18.2,8826328.0
2022-09-06,18.24,18.55,18.1,18.3,18.3,10707879.0
2022-09-07,18.25,18.38,18.17,18.29,18.29,8206206.0
2022-09-08,18.29,18.83,18.24,18.74,18.74,22019811.0
2022-09-09,18.9,19.35,18.71,18.83,18.83,20675622.0
2022-09-13,18.94,19.95,18.89,19.65,19.65,44419372.0
2022-09-14,19.52,19.85,19.32,19.63,19.63,26640262.0
2022-09-15,19.7,19.73,19.02,19.31,19.31,17459449.0
2022-09-16,19.21,20.05,19.21,19.39,19.39,27094706.0
2022-09-19,19.48,19.61,18.94,19.21,19.21,16751070.0
2022-09-20,19.4,19.5,18.93,19.12,19.12,11315413.0
2022-09-21,18.98,19.36,18.58,19.09,19.09,18691804.0
2022-09-22,18.94,19.64,18.85,19.41,19.41,18632458.0
2022-09-23,19.41,19.9,19.15,19.41,19.41,16391649.0
2022-09-26,19.31,19.48,18.81,18.95,18.95,14751488.0
2022-09-27,18.95,19.08,18.69,18.93,18.93,10113577.0
2022-09-28,19.3,19.78,18.75,18.8,18.8,17971898.0
2022-09-29,18.95,19.5,18.61,18.78,18.78,15085027.0
2022-09-30,18.82,18.87,18.3,18.46,18.46,11869883.0
2022-10-10,18.58,18.8,18.22,18.5,18.5,12106132.0
2022-10-11,18.41,18.57,18.25,18.49,18.49,8340056.0
2022-10-12,18.5,18.7,18.23,18.63,18.63,13902380.0
2022-10-13,18.51,18.92,18.42,18.69,18.69,12967231.0
2022-10-14,18.8,18.98,18.6,18.78,18.78,15458033.0
2022-10-17,18.7,19.36,18.69,19.29,19.29,20896423.0
2022-10-18,19.29,19.61,19.12,19.45,19.45,21876413.0
2022-10-19,19.5,19.55,19.09,19.28,19.28,14742094.0
2022-10-20,19.09,19.61,19.03,19.33,19.33,21857555.0
2022-10-21,19.34,19.42,18.65,19.12,19.12,22171911.0
2022-10-24,19.21,19.86,19.09,19.66,19.66,38841843.0
2022-10-25,19.55,19.65,19.09,19.2,19.2,25520800.0
2022-10-26,19.19,19.31,18.81,19.1,19.1,32130797.0
2022-10-27,19.11,19.6,18.88,19.36,19.36,27038813.0
2022-10-28,19.2,19.38,18.75,18.75,18.75,17309502.0
2022-10-31,18.55,18.95,17.6,18.47,18.47,25411564.0
2022-11-01,18.43,18.55,18.09,18.5,18.5,17619585.0
2022-11-02,18.42,18.44,18.0,18.17,18.17,31280401.0
2022-11-03,18.04,18.16,17.72,17.93,17.93,23054841.0
2022-11-04,17.85,18.03,17.73,18.0,18.0,28525968.0
2022-11-07,18.04,18.06,17.72,17.82,17.82,22095721.0
2022-11-08,17.82,18.01,17.74,17.91,17.91,17413246.0
2022-11-09,18.14,18.14,17.83,17.92,17.92,12888140.0
2022-11-10,17.85,17.87,17.62,17.73,17.73,12084729.0
2022-11-11,17.91,18.07,17.75,17.99,17.99,18927789.0
2022-11-14,18.02,18.25,17.84,18.2,18.2,17865643.0
2022-11-15,18.1,18.24,18.04,18.15,18.15,14993574.0
2022-11-16,18.19,18.39,18.12,18.18,18.18,14025947.0
2022-11-17,18.15,18.15,17.81,18.07,18.07,11681712.0
2022-11-18,18.04,18.1,17.71,17.86,17.86,14253319.0
2022-11-21,17.76,17.94,17.7,17.84,17.84,6424265.0
2022-11-22,17.76,18.14,17.76,17.81,17.81,12605254.0
2022-11-23,17.8,17.87,17.69,17.87,17.87,7475556.0
2022-11-24,17.84,17.95,17.77,17.85,17.85,7032072.0
2022-11-25,17.85,17.87,17.71,17.79,17.79,4866940.0
2022-11-28,17.65,17.68,17.31,17.68,17.68,11601734.0
2022-11-29,17.65,17.8,17.61,17.75,17.75,7349557.0
2022-11-30,17.8,17.96,17.8,17.82,17.82,10317590.0
2022-12-01,17.85,17.94,17.84,17.86,17.86,7230022.0
2022-12-02,17.91,17.91,17.64,17.75,17.75,8704756.0
2022-12-05,17.82,18.05,17.7,17.96,17.96,17062674.0
2022-12-06,17.95,18.06,17.81,17.92,17.92,12586950.0
2022-12-07,17.8,17.92,17.7,17.9,17.9,10446402.0
2022-12-08,17.89,17.94,17.76,17.89,17.89,7789000.0
2022-12-09,17.9,17.95,17.57,17.63,17.63,14216614.0
2022-12-12,17.69,17.99,17.37,17.82,17.82,14568867.0
2022-12-13,17.81,17.81,17.55,17.71,17.71,9515250.0
2022-12-14,17.7,17.76,16.97,17.16,17.16,24138398.0
2022-12-15,17.16,17.35,17.05,17.1,17.1,10874854.0
2022-12-16,17.0,17.33,16.8,17.31,17.31,7818904.0
2022-12-19,17.24,17.38,16.95,17.12,17.12,7328680.0
2022-12-20,17.12,17.22,16.9,17.18,17.18,7987711.0
2022-12-21,17.18,17.18,17.18,17.18,17.18,
2022-12-22,17.2,17.21,15.72,16.23,16.23,22980862.0
2022-12-23,16.13,16.19,15.75,16.06,16.06,12295052.0
2022-12-26,15.92,16.2,15.92,16.15,16.15,8783180.0
2022-12-27,16.1,16.14,15.89,15.97,15.97,10563510.0
2022-12-28,15.98,16.02,15.58,15.71,15.71,9637896.0
2022-12-29,15.68,16.02,15.59,15.85,15.85,12121515.0
2022-12-30,15.9,16.11,15.86,15.97,15.97,7174992.0
2023-01-03,16.12,16.47,15.99,16.35,16.35,10028143.0
2023-01-04,16.22,16.41,16.22,16.36,16.36,7725614.0
2023-01-05,16.35,16.49,16.26,16.43,16.43,6237927.0
2023-01-06,16.42,16.65,16.35,16.5,16.5,9142988.0
2023-01-09,16.52,16.53,16.16,16.18,16.18,10193570.0
2023-01-10,16.2,16.25,15.99,16.05,16.05,5951727.0
2023-01-11,16.03,16.17,15.92,16.09,16.09,7368900.0
2023-01-12,16.41,16.58,16.14,16.2,16.2,11876785.0
2023-01-13,16.27,16.41,16.06,16.35,16.35,7722326.0
2023-01-16,16.38,16.9,16.33,16.6,16.6,17666410.0
2023-01-17,16.57,16.77,16.44,16.48,16.48,10154926.0
2023-01-18,16.48,16.54,16.42,16.5,16.5,5813216.0
2023-01-19,16.49,16.6,16.37,16.58,16.58,6819410.0
2023-01-20,16.62,16.75,16.58,16.73,16.73,7525600.0
2023-01-30,17.05,17.36,16.8,17.08,17.08,25741708.0
2023-01-31,17.22,18.47,17.1,17.98,17.98,47924378.0
2023-02-01,18.0,18.06,17.66,17.91,17.91,30186284.0
2023-02-02,18.02,18.04,17.49,17.59,17.59,26881395.0
2023-02-03,17.58,17.85,17.35,17.8,17.8,21815681.0
2023-02-06,17.87,17.99,17.71,17.84,17.84,29424315.0
2023-02-07,17.86,18.31,17.71,18.08,18.08,37678186.0
2023-02-08,18.08,18.08,18.08,18.08,18.08,
2023-02-09,18.08,18.08,18.08,18.08,18.08,
2023-02-10,18.08,18.08,18.08,18.08,18.08,
2023-02-13,18.08,18.08,18.08,18.08,18.08,
2023-02-14,18.08,18.08,18.08,18.08,18.08,
2023-02-15,18.08,18.08,18.08,18.08,18.08,
2023-02-16,18.08,18.08,18.08,18.08,18.08,
2023-02-17,19.0,19.0,17.6,17.76,17.76,52467278.0
2023-02-20,17.5,17.5,16.85,17.28,17.28,26255254.0
2023-02-21,17.2,17.54,17.08,17.35,17.35,23147178.0
2023-02-22,17.3,17.35,17.15,17.28,17.28,14109599.0
2023-02-23,17.33,17.34,17.01,17.1,17.1,15707683.0
2023-02-24,17.1,17.32,17.01,17.17,17.17,13671370.0
2023-02-27,17.09,17.29,17.03,17.11,17.11,11414807.0
2023-02-28,17.19,17.22,17.09,17.21,17.21,8722767.0
2023-03-01,17.21,17.24,17.12,17.21,17.21,13023035.0
2023-03-02,17.21,17.59,17.18,17.49,17.49,21370852.0
2023-03-03,17.6,18.05,17.35,17.95,17.95,31188761.0
2023-03-06,18.0,18.17,17.86,18.04,18.04,24709467.0
2023-03-07,17.99,17.99,17.55,17.6,17.6,20699320.0
2023-03-08,17.57,17.98,17.5,17.87,17.87,16392917.0
2023-03-09,17.87,17.95,17.63,17.77,17.77,10983728.0
2023-03-10,17.59,17.87,17.58,17.68,17.68,10373883.0
2023-03-13,17.7,17.81,17.41,17.6,17.6,11696671.0
2023-03-14,17.6,17.95,17.44,17.74,17.74,16268058.0
2023-03-15,17.66,17.76,17.46,17.51,17.51,17055178.0
2023-03-16,17.39,18.18,17.25,17.56,17.56,25843465.0
2023-03-17,17.82,18.14,17.45,17.93,17.93,30901518.0
2023-03-20,17.93,17.93,17.51,17.58,17.58,19785655.0
2023-03-21,17.88,18.1,17.78,17.95,17.95,26730568.0
2023-03-22,17.96,18.35,17.8,18.32,18.32,33374940.0
2023-03-23,18.2,18.48,18.1,18.29,18.29,21607034.0
2023-03-24,18.23,18.23,17.9,18.1,18.1,19295185.0
2023-03-27,18.03,18.07,17.59,17.73,17.73,21958503.0
2023-03-28,17.72,17.77,17.5,17.6,17.6,13674181.0
2023-03-29,17.58,17.66,17.42,17.58,17.58,10307232.0
2023-03-30,17.61,17.64,17.28,17.55,17.55,15359271.0
2023-03-31,17.51,17.59,17.35,17.52,17.52,10197560.0
2023-04-03,17.44,17.77,17.44,17.68,17.68,13938635.0
2023-04-04,17.68,17.95,17.59,17.83,17.83,14615629.0
2023-04-06,17.8,17.8,17.61,17.76,17.76,11885124.0
2023-04-07,17.7,17.74,17.45,17.5,17.5,15276344.0
2023-04-10,17.5,17.6,17.36,17.43,17.43,9823780.0
2023-04-11,17.41,17.41,17.2,17.37,17.37,9777429.0
2023-04-12,17.34,17.45,17.07,17.21,17.21,14059711.0
2023-04-13,17.24,17.34,17.15,17.25,17.25,9663666.0
2023-04-14,17.25,17.5,17.16,17.47,17.47,15065768.0
2023-04-17,17.37,17.49,17.22,17.43,17.43,14369868.0
2023-04-18,17.3,17.8,17.28,17.56,17.56,19630424.0
2023-04-19,16.58,16.71,16.15,16.17,16.17,133729699.0
2023-04-20,16.22,16.28,15.82,15.99,15.99,63629963.0
2023-04-21,15.98,16.17,15.82,15.94,15.94,45892996.0
2023-04-24,15.94,15.95,15.48,15.63,15.63,46218883.0
2023-04-25,15.62,15.7,15.23,15.26,15.26,37044353.0
2023-04-26,15.19,15.41,15.15,15.3,15.3,29625657.0
2023-04-27,15.27,15.44,15.17,15.27,15.27,29430860.0
2023-04-28,15.28,15.49,15.24,15.29,15.29,41643258.0
2023-05-04,15.28,15.43,15.11,15.2,15.2,48645944.0
2023-05-05,15.2,15.27,14.89,14.94,14.94,39582489.0
2023-05-08,14.97,15.5,14.93,15.4,15.4,68570332.0
2023-05-09,15.46,15.77,15.38,15.48,15.48,62184706.0
2023-05-10,15.45,15.45,15.29,15.41,15.41,27725621.0
2023-05-11,15.41,15.64,15.38,15.55,15.55,28738083.0
2023-05-12,15.56,15.6,15.15,15.2,15.2,25941643.0
2023-05-15,15.11,15.4,15.04,15.37,15.37,24573094.0
2023-05-16,15.42,15.56,15.34,15.35,15.35,21940557.0
2023-05-17,15.35,15.68,15.28,15.67,15.67,39340040.0
2023-05-18,15.68,15.71,15.46,15.54,15.54,26605374.0
2023-05-19,15.51,15.52,15.25,15.33,15.33,38632824.0
2023-05-22,15.35,15.39,15.21,15.29,15.29,18791972.0
2023-05-23,15.28,15.28,14.99,15.04,15.04,32753943.0
2023-05-24,14.98,15.01,14.67,14.83,14.83,35677952.0
2023-05-25,14.77,14.92,14.65,14.77,14.77,26694557.0
2023-05-26,14.79,14.91,14.59,14.87,14.87,24414355.0
2023-05-29,15.15,15.24,14.98,15.02,15.02,41856785.0
2023-05-30,14.98,15.0,14.66,14.94,14.94,29665500.0
2023-05-31,14.85,15.05,14.8,14.83,14.83,21917579.0
2023-06-01,14.82,15.01,14.63,14.85,14.85,29315601.0
2023-06-02,14.82,14.93,14.81,14.91,14.91,18615908.0
2023-06-05,14.94,14.95,14.74,14.84,14.84,24698939.0
2023-06-06,14.78,14.81,14.34,14.34,14.34,36813658.0
2023-06-07,14.33,14.39,14.17,14.19,14.19,26276547.0
2023-06-08,14.18,14.22,14.06,14.09,14.09,25214552.0
2023-06-09,14.11,14.34,14.07,14.27,14.27,26754865.0
2023-06-12,14.27,14.38,14.16,14.26,14.26,16324118.0
2023-06-13,14.27,14.41,14.26,14.39,14.39,16312433.0
2023-06-14,14.39,14.42,14.27,14.28,14.28,16502149.0
2023-06-15,14.28,14.38,14.16,14.36,14.36,22456948.0
2023-06-16,14.37,14.83,14.37,14.75,14.75,44961673.0
2023-06-19,14.73,15.08,14.68,14.92,14.92,38988595.0
2023-06-20,14.87,15.32,14.82,15.18,15.18,51796633.0
2023-06-21,15.14,15.23,14.95,15.09,15.09,30732071.0
2023-06-26,15.02,15.12,14.88,15.08,15.08,28013843.0
2023-06-27,15.03,15.04,14.93,14.95,14.95,23603721.0
2023-06-28,14.93,15.17,14.8,15.07,15.07,27699921.0
2023-06-29,15.07,15.21,14.95,14.97,14.97,24121558.0
2023-06-30,14.98,15.3,14.96,15.18,15.18,36068812.0
2023-07-03,15.19,15.35,15.12,15.29,15.29,31645755.0
2023-07-04,15.26,15.35,15.24,15.3,15.3,25344809.0
2023-07-05,15.29,15.32,15.08,15.1,15.1,23920372.0
2023-07-06,15.17,15.28,15.05,15.05,15.05,27204761.0
2023-07-07,15.05,15.13,14.92,15.05,15.05,17929232.0
2023-07-10,15.08,15.35,15.08,15.14,15.14,19397309.0
2023-07-11,15.15,15.25,15.13,15.2,15.2,13826232.0
2023-07-12,15.22,15.23,15.06,15.08,15.08,16938672.0
2023-07-13,15.06,15.18,15.05,15.15,15.15,13731786.0
2023-07-14,15.12,15.18,15.05,15.06,15.06,15275983.0
2023-07-17,15.06,15.11,14.94,15.05,15.05,14203491.0
2023-07-18,15.3,15.8,15.2,15.64,15.64,83838194.0
2023-07-19,15.66,15.68,15.47,15.52,15.52,32940961.0
2023-07-20,15.5,15.58,15.19,15.21,15.21,32549140.0
2023-07-21,15.21,15.34,15.12,15.12,15.12,21291895.0
2023-07-24,15.13,15.22,15.05,15.1,15.1,23603385.0
2023-07-25,15.19,15.26,15.12,15.25,15.25,25456208.0
2023-07-26,15.23,15.23,15.1,15.17,15.17,15617640.0
2023-07-27,15.22,15.31,15.12,15.14,15.14,23097209.0
2023-07-28,15.16,15.23,15.02,15.23,15.23,27341068.0
2023-07-31,15.3,15.4,15.22,15.33,15.33,33097588.0
2023-08-01,15.33,15.36,15.2,15.24,15.24,22367285.0
2023-08-02,15.18,15.27,15.08,15.1,15.1,20852042.0
2023-08-03,15.08,15.24,15.05,15.2,15.2,20118312.0
2023-08-04,15.22,15.33,15.14,15.22,15.22,19911586.0
2023-08-07,15.2,15.23,15.12,15.15,15.15,15018807.0
2023-08-08,15.12,15.16,14.82,15.01,15.01,28425373.0
2023-08-09,14.95,14.95,14.88,14.89,14.89,12828065.0
2023-08-10,14.91,14.96,14.83,14.9,14.9,11041790.0
2023-08-11,14.89,14.97,14.73,14.73,14.73,15817558.0
2023-08-14,14.7,14.96,14.62,14.96,14.96,16582718.0
2023-08-15,14.96,15.13,14.86,14.96,14.96,15118377.0
2023-08-16,14.99,14.99,14.76,14.77,14.77,11186132.0
2023-08-17,14.73,15.12,14.59,15.08,15.08,26247526.0
2023-08-18,15.06,15.18,14.88,14.89,14.89,19779088.0
2023-08-21,14.92,14.98,14.65,14.66,14.66,16888166.0
2023-08-22,14.7,14.92,14.53,14.85,14.85,19938448.0
2023-08-23,14.75,14.83,14.48,14.48,14.48,23486459.0
2023-08-24,14.54,14.59,14.35,14.38,14.38,20621059.0
2023-08-25,14.35,14.78,14.24,14.5,14.5,29244145.0
2023-08-28,15.08,15.15,14.6,14.62,14.62,28453515.0
2023-08-29,14.6,15.18,14.58,15.09,15.09,39929903.0
2023-08-30,15.08,15.19,15.03,15.12,15.12,25319076.0
2023-08-31,15.1,15.15,14.99,15.02,15.02,17398459.0
2023-09-01,15.03,15.15,15.01,15.09,15.09,16522963.0
2023-09-04,15.11,15.25,15.1,15.24,15.24,25946704.0
2023-09-05,15.19,15.3,15.14,15.18,15.18,22244974.0
2023-09-06,15.19,15.26,15.03,15.21,15.21,19975588.0
2023-09-07,15.16,15.22,14.96,15.0,15.0,19470893.0
2023-09-08,14.93,15.2,14.93,15.18,15.18,20125356.0
2023-09-11,15.21,15.21,15.04,15.13,15.13,18397545.0
2023-09-12,15.11,15.16,14.99,15.02,15.02,16317602.0
2023-09-13,15.0,15.06,14.68,14.78,14.78,25875379.0
2023-09-14,14.8,14.86,14.72,14.75,14.75,12465553.0
2023-09-15,14.76,14.83,14.63,14.7,14.7,14511493.0
2023-09-18,14.67,14.73,14.5,14.63,14.63,20242429.0
2023-09-19,14.62,14.62,14.45,14.49,14.49,12436845.0
2023-09-20,14.53,14.54,14.36,14.36,14.36,15943581.0
2023-09-21,14.36,14.48,14.32,14.34,14.34,14830305.0
2023-09-22,14.33,14.48,14.26,14.46,14.46,18940942.0
2023-09-25,14.41,14.43,14.31,14.32,14.32,11238820.0
2023-09-26,14.28,14.32,14.24,14.25,14.25,11782588.0
2023-09-27,14.13,14.25,14.13,14.17,14.17,10967657.0
2023-09-28,14.18,14.24,14.13,14.16,14.16,16636789.0
2023-10-09,14.17,14.39,14.16,14.33,14.33,23744477.0
2023-10-10,14.33,14.37,14.26,14.29,14.29,10708714.0
2023-10-11,14.29,14.34,14.15,14.19,14.19,22168960.0
2023-10-12,14.22,14.25,14.03,14.18,14.18,22094405.0
2023-10-13,14.13,14.15,13.97,14.01,14.01,16577178.0
2023-10-16,14.0,14.12,13.83,13.87,13.87,19296523.0
2023-10-17,13.87,13.9,13.78,13.87,13.87,12891627.0
2023-10-18,13.86,13.87,13.5,13.51,13.51,23170436.0
2023-10-19,13.41,13.55,13.3,13.3,13.3,17856099.0
2023-10-20,13.26,13.34,13.09,13.11,13.11,17441170.0
2023-10-23,13.08,13.15,12.77,12.83,12.83,25870989.0
2023-10-24,12.95,13.12,12.82,13.1,13.1,25176255.0
2023-10-25,13.22,13.42,13.18,13.3,13.3,23311547.0
2023-10-26,13.24,13.4,13.12,13.39,13.39,18754937.0
2023-10-27,13.31,13.52,13.31,13.48,13.48,18859659.0
2023-10-30,13.45,13.71,13.41,13.62,13.62,20084465.0
2023-10-31,13.62,13.71,13.56,13.65,13.65,14917431.0
2023-11-01,13.62,13.74,13.52,13.66,13.66,14432341.0
2023-11-02,13.64,13.71,13.44,13.46,13.46,14481091.0
2023-11-03,13.46,13.66,13.44,13.6,13.6,13101536.0
2023-11-06,13.62,13.82,13.62,13.79,13.79,17975637.0
2023-11-07,13.76,13.85,13.71,13.74,13.74,14055202.0
2023-11-08,13.73,13.81,13.64,13.74,13.74,16201048.0
2023-11-09,13.71,13.77,13.65,13.67,13.67,10853411.0
2023-11-10,13.66,13.72,13.57,13.67,13.67,11808156.0
2023-11-13,13.67,13.87,13.63,13.86,13.86,18169054.0
2023-11-14,13.86,13.98,13.82,13.86,13.86,16720212.0
2023-11-15,13.95,13.97,13.75,13.79,13.79,15732335.0
2023-11-16,13.78,13.82,13.65,13.65,13.65,11348744.0
2023-11-17,13.62,13.66,13.52,13.57,13.57,12921163.0
2023-11-20,13.57,13.8,13.55,13.75,13.75,15280698.0
2023-11-21,13.74,13.83,13.65,13.65,13.65,14858257.0
2023-11-22,13.63,13.67,13.45,13.45,13.45,13256401.0
2023-11-23,13.43,13.51,13.35,13.48,13.48,11129115.0
2023-11-24,13.49,13.5,13.22,13.24,13.24,14741417.0
2023-11-27,13.23,13.34,13.15,13.25,13.25,16254706.0
2023-11-28,13.25,13.33,13.05,13.1,13.1,23110752.0
2023-11-29,13.09,13.11,12.95,12.95,12.95,17728540.0
2023-11-30,12.95,13.04,12.86,12.9,12.9,15190910.0
2023-12-01,12.87,13.04,12.87,12.97,12.97,13044716.0
2023-12-04,13.0,13.21,12.99,13.14,13.14,17234467.0
2023-12-05,13.11,13.12,12.87,12.87,12.87,15943478.0
2023-12-06,12.85,12.9,12.71,12.78,12.78,20706687.0
2023-12-07,12.73,12.84,12.56,12.81,12.81,26685142.0
2023-12-08,12.77,13.02,12.61,13.0,13.0,44729384.0
2023-12-11,12.9,13.04,12.6,13.0,13.0,37735500.0
2023-12-12,12.93,13.49,12.92,13.1,13.1,35272002.0
2023-12-13,13.07,13.25,12.95,12.96,12.96,19577256.0
2023-12-14,12.97,13.12,12.84,12.85,12.85,15663002.0
2023-12-15,12.86,12.91,12.7,12.71,12.71,15514636.0
2023-12-18,12.65,12.71,12.38,12.41,12.41,23020043.0
2023-12-19,12.41,12.51,12.31,12.44,12.44,13197147.0
2023-12-20,12.42,12.48,12.1,12.1,12.1,21917714.0
2023-12-21,12.04,12.27,11.98,12.2,12.2,16814403.0
2023-12-22,12.22,12.72,12.2,12.59,12.59,37324539.0
2023-12-25,12.56,12.9,12.54,12.72,12.72,21270411.0
2023-12-26,12.69,12.77,12.45,12.69,12.69,20945773.0
2023-12-27,12.64,12.69,12.53,12.64,12.64,11297719.0
2023-12-28,12.61,13.05,12.58,13.01,13.01,31767946.0
2023-12-29,13.02,13.22,12.94,13.18,13.18,24882452.0
2024-01-02,13.14,13.28,13.07,13.08,13.08,20520877.0
2024-01-03,13.05,13.09,12.9,13.01,13.01,17875186.0
2024-01-04,12.98,13.08,12.83,12.92,12.92,14331969.0
2024-01-05,12.89,12.98,12.41,12.48,12.48,26185545.0
2024-01-08,12.48,12.58,12.26,12.28,12.28,18423747.0
2024-01-09,12.25,12.32,12.08,12.16,12.16,21188926.0
2024-01-10,12.11,12.23,12.01,12.02,12.02,16470470.0
2024-01-11,12.01,12.2,11.97,12.19,12.19,18561335.0
2024-01-12,12.14,12.24,12.08,12.12,12.12,15216634.0
2024-01-15,12.06,12.06,11.75,11.75,11.75,26524341.0
2024-01-16,11.71,11.83,11.58,11.74,11.74,20226631.0
2024-01-17,11.71,11.82,11.44,11.44,11.44,24490221.0
2024-01-18,11.39,11.66,11.21,11.6,11.6,34888624.0
2024-01-19,11.57,11.81,11.5,11.7,11.7,18368977.0
2024-01-22,11.69,11.76,11.25,11.33,11.33,28611169.0
2024-01-23,11.32,11.62,11.21,11.58,11.58,21876028.0
2024-01-24,11.39,11.39,10.85,11.26,11.26,62001747.0
2024-01-25,11.1,11.92,11.09,11.89,11.89,55969494.0
2024-01-26,11.83,11.99,11.73,11.87,11.87,33598787.0
2024-01-29,11.88,12.04,11.72,11.73,11.73,28388804.0
2024-01-30,11.65,11.9,11.55,11.63,11.63,24962860.0
2024-01-31,11.57,11.57,11.04,11.08,11.08,33873693.0
2024-02-01,10.99,11.16,10.77,10.83,10.83,36084801.0
2024-02-02,10.83,10.93,10.0,10.33,10.33,44777424.0
2024-02-05,10.2,10.48,9.81,10.02,10.02,44136640.0
2024-02-06,10.02,10.8,9.96,10.79,10.79,44946190.0
2024-02-07,10.9,11.19,10.69,10.89,10.89,51757993.0
2024-02-08,11.06,11.33,10.82,11.22,11.22,47016829.0
2024-02-19,11.27,11.44,11.16,11.33,11.33,36318540.0
2024-02-20,11.25,11.28,11.17,11.25,11.25,18372167.0
2024-02-21,11.2,11.5,11.16,11.33,11.33,31707217.0
2024-02-22,11.27,11.41,11.24,11.39,11.39,24115311.0
2024-02-23,11.4,11.7,11.35,11.65,11.65,40318576.0
2024-02-26,11.61,11.86,11.6,11.64,11.64,29961776.0
2024-02-27,11.59,11.81,11.54,11.81,11.81,27551101.0
2024-02-28,11.88,11.98,11.48,11.49,11.49,37086799.0
2024-02-29,11.44,11.86,11.43,11.85,11.85,30953272.0
2024-03-01,11.85,11.93,11.77,11.9,11.9,25913386.0
2024-03-04,11.88,11.98,11.77,11.85,11.85,22764500.0
2024-03-05,11.8,12.12,11.75,11.94,11.94,37426540.0
2024-03-06,11.87,11.98,11.76,11.91,11.91,21454472.0
2024-03-07,11.91,11.95,11.62,11.64,11.64,27974860.0
2024-03-08,11.64,11.8,11.53,11.71,11.71,24377953.0
2024-03-11,11.66,11.83,11.65,11.83,11.83,24491251.0
2024-03-12,11.81,12.1,11.8,12.02,12.02,35380055.0
2024-03-13,12.0,12.12,11.91,12.03,12.03,27161415.0
2024-03-14,12.0,12.01,11.7,11.78,11.78,31321753.0
2024-03-15,11.77,11.93,11.72,11.92,11.92,20408816.0
2024-03-18,11.97,12.26,11.97,12.24,12.24,44407261.0
2024-03-19,12.24,12.38,12.08,12.1,12.1,37802338.0
2024-03-20,12.08,12.22,12.08,12.14,12.14,23836292.0
2024-03-21,12.18,12.21,11.99,12.12,12.12,26720545.0
2024-03-22,12.07,12.07,11.69,11.73,11.73,41030592.0
2024-03-25,11.7,11.74,11.43,11.43,11.43,27995185.0
2024-03-26,11.41,11.5,11.21,11.38,11.38,24807745.0
2024-03-27,11.32,11.37,11.0,11.0,11.0,27130557.0
2024-03-28,11.05,11.9,11.05,11.7,11.7,58924685.0
2024-03-29,11.68,11.73,11.52,11.69,11.69,28896842.0
2024-04-01,11.73,11.97,11.73,11.91,11.91,32174412.0
2024-04-02,11.9,11.93,11.73,11.79,11.79,27329414.0
2024-04-03,11.78,11.78,11.5,11.57,11.57,24450387.0
2024-04-08,11.53,11.56,11.32,11.34,11.34,22047885.0
2024-04-09,11.35,11.51,11.3,11.42,11.42,17819539.0
2024-04-10,11.35,11.42,11.13,11.27,11.27,25190495.0
2024-04-11,11.16,11.33,11.15,11.2,11.2,19285943.0
2024-04-12,11.19,11.26,11.07,11.08,11.08,18683749.0
2024-04-15,11.14,11.49,11.02,11.37,11.37,37175918.0
2024-04-16,11.35,11.49,10.98,11.0,11.0,38732642.0
2024-04-17,11.07,11.38,11.06,11.37,11.37,30587015.0
2024-04-18,11.4,11.86,11.38,11.78,11.78,65934017.0
2024-04-19,11.7,12.1,11.62,11.96,11.96,77604416.0
2024-04-22,12.07,12.17,11.86,11.89,11.89,62743112.0
2024-04-23,11.84,12.0,11.69,11.75,11.75,41096041.0
2024-04-24,11.72,12.07,11.72,12.06,12.06,52906458.0
2024-04-25,12.02,12.02,11.78,11.83,11.83,41862330.0
2024-04-26,11.76,12.13,11.76,12.1,12.1,59061593.0
2024-04-29,12.18,12.38,12.01,12.33,12.33,76175731.0
2024-04-30,12.35,12.37,12.09,12.15,12.15,49898620.0
2024-05-06,12.27,12.53,12.22,12.49,12.49,59696212.0
2024-05-07,12.41,12.65,12.36,12.59,12.59,60635947.0
2024-05-08,12.57,12.59,12.41,12.42,12.42,39098283.0
2024-05-09,12.38,12.68,12.24,12.66,12.66,65989912.0
2024-05-10,12.75,12.78,12.47,12.53,12.53,46622098.0
2024-05-13,12.41,12.5,12.23,12.32,12.32,45419690.0
2024-05-14,12.3,12.39,12.17,12.24,12.24,31649719.0
2024-05-15,12.23,12.33,12.1,12.12,12.12,31479563.0
2024-05-16,12.15,12.3,12.1,12.15,12.15,31102814.0
2024-05-17,12.25,12.41,12.17,12.4,12.4,43374095.0
2024-05-20,12.41,12.61,12.36,12.51,12.51,43439859.0
2024-05-21,12.46,12.46,12.25,12.26,12.26,31585245.0
2024-05-22,12.27,12.31,12.16,12.2,12.2,29567041.0
2024-05-23,12.28,12.3,12.02,12.04,12.04,33445201.0
2024-05-24,11.98,12.03,11.79,11.81,11.81,31305951.0
2024-05-27,11.8,11.93,11.66,11.93,11.93,29135100.0
2024-05-28,11.88,11.96,11.8,11.81,11.81,18590514.0
2024-05-29,11.77,11.88,11.7,11.74,11.74,17023986.0
2024-05-30,11.7,12.04,11.6,11.96,11.96,37199248.0
2024-05-31,11.96,12.16,11.96,12.1,12.1,29739951.0
2024-06-03,12.13,12.24,11.92,12.03,12.03,33603819.0
2024-06-04,12.03,12.2,11.91,12.19,12.19,30322959.0
2024-06-05,12.14,12.45,12.14,12.24,12.24,41817558.0
2024-06-06,12.21,12.25,11.97,11.99,11.99,38472289.0
2024-06-07,12.05,12.19,11.92,12.02,12.02,29609669.0
2024-06-11,11.96,12.21,11.88,12.2,12.2,27958861.0
2024-06-12,12.13,12.42,12.13,12.32,12.32,41886765.0
2024-06-13,12.3,12.39,12.23,12.36,12.36,35782253.0
2024-06-14,12.22,12.37,12.16,12.34,12.34,45155621.0
2024-06-17,12.34,12.55,12.29,12.31,12.31,40095867.0
2024-06-18,12.31,12.43,12.24,12.31,12.31,27870020.0
2024-06-19,12.31,12.36,12.18,12.19,12.19,20418568.0
2024-06-20,12.18,12.22,11.95,11.95,11.95,24633663.0
2024-06-21,11.93,12.08,11.92,12.03,12.03,17062848.0
2024-06-24,11.98,12.04,11.64,11.68,11.68,28141330.0
2024-06-25,11.69,11.77,11.47,11.55,11.55,20597093.0
2024-06-26,11.55,11.77,11.41,11.75,11.75,19776316.0
2024-06-27,11.72,11.72,11.52,11.52,11.52,17630187.0
2024-06-28,11.5,12.06,11.49,11.97,11.97,41231728.0
2024-07-01,11.96,12.05,11.88,12.05,12.05,23117978.0
2024-07-02,12.03,12.05,11.86,11.9,11.9,17194388.0
2024-07-03,11.9,11.92,11.68,11.74,11.74,16959290.0
2024-07-04,11.74,11.8,11.52,11.54,11.54,19968242.0
2024-07-05,11.53,11.57,11.33,11.56,11.56,21451042.0
2024-07-08,11.48,11.51,11.28,11.3,11.3,16375308.0
2024-07-09,11.29,11.52,11.16,11.49,11.49,23577136.0
2024-07-10,11.4,11.57,11.4,11.52,11.52,14316493.0
2024-07-11,11.72,11.82,11.62,11.79,11.79,20740384.0
2024-07-12,11.8,11.9,11.74,11.88,11.88,19521090.0
2024-07-15,11.89,11.93,11.76,11.83,11.83,15744345.0
2024-07-16,11.8,11.99,11.78,11.97,11.97,14961452.0
2024-07-17,11.97,12.06,11.94,11.95,11.95,17314352.0
2024-07-18,11.88,12.12,11.78,12.08,12.08,24596129.0
2024-07-19,12.03,12.25,11.99,12.24,12.24,30071783.0
2024-07-22,12.22,12.37,12.2,12.3,12.3,33708514.0
2024-07-23,12.29,12.31,12.0,12.01,12.01,25190303.0
2024-07-24,11.98,12.29,11.95,12.12,12.12,25827346.0
2024-07-25,12.07,12.18,11.98,12.12,12.12,16433392.0
2024-07-26,12.1,12.5,12.08,12.49,12.49,50315877.0
2024-07-29,12.45,12.8,12.39,12.6,12.6,57120532.0
2024-07-30,12.66,12.75,12.44,12.7,12.7,36730949.0
2024-07-31,12.68,12.86,12.51,12.84,12.84,55324336.0
2024-08-01,12.77,13.09,12.73,12.85,12.85,55056773.0
2024-08-02,12.75,13.09,12.67,12.68,12.68,52049012.0
2024-08-05,12.64,12.88,12.44,12.47,12.47,39836993.0
2024-08-06,12.55,12.9,12.51,12.81,12.81,37940203.0
2024-08-07,12.74,12.91,12.66,12.79,12.79,35089552.0
2024-08-08,12.74,12.78,12.45,12.48,12.48,34609462.0
2024-08-09,12.45,12.57,12.43,12.44,12.44,15418061.0
2024-08-12,12.44,12.45,12.25,12.3,12.3,16134396.0
2024-08-13,12.3,12.44,12.26,12.38,12.38,16848339.0
2024-08-14,12.33,12.39,12.19,12.19,12.19,14439764.0
2024-08-15,12.18,12.36,12.16,12.29,12.29,16737359.0
2024-08-16,12.3,12.33,12.11,12.14,12.14,17502883.0
2024-08-19,12.09,12.24,12.09,12.14,12.14,13970484.0
2024-08-20,12.13,12.18,11.91,11.97,11.97,18185472.0
2024-08-21,11.93,12.01,11.86,11.86,11.86,12987879.0
2024-08-22,11.87,11.95,11.77,11.79,11.79,13295867.0
2024-08-23,11.77,11.85,11.71,11.8,11.8,14344614.0
2024-08-26,11.8,11.83,11.58,11.75,11.75,15142628.0
2024-08-27,11.68,11.77,11.45,11.51,11.51,17498702.0
2024-08-28,11.23,11.24,10.88,11.01,11.01,44806073.0
2024-08-29,10.98,11.12,10.93,11.04,11.04,24336054.0
2024-08-30,11.03,11.38,11.02,11.26,11.26,25701135.0
2024-09-02,11.25,11.25,10.8,10.81,10.81,32213998.0
2024-09-03,10.84,10.99,10.83,10.9,10.9,19292297.0
2024-09-04,10.87,10.95,10.77,10.91,10.91,14398490.0
2024-09-05,10.94,11.01,10.88,10.96,10.96,13434209.0
2024-09-06,10.95,10.95,10.77,10.79,10.79,13735206.0
2024-09-09,10.7,10.83,10.58,10.66,10.66,17239447.0
2024-09-10,10.7,10.72,10.43,10.68,10.68,18532538.0
2024-09-11,10.62,10.69,10.59,10.66,10.66,10225011.0
2024-09-12,10.69,10.77,10.54,10.55,10.55,11235103.0
2024-09-13,10.56,10.6,10.49,10.52,10.52,9448231.0
2024-09-18,10.53,10.59,10.29,10.47,10.47,14505267.0
2024-09-19,10.48,10.68,10.26,10.58,10.58,20713467.0
2024-09-20,10.56,10.61,10.42,10.55,10.55,15053028.0
2024-09-23,10.5,10.65,10.5,10.59,10.59,12739486.0
2024-09-24,10.67,10.97,10.58,10.96,10.96,26164066.0
2024-09-25,11.04,11.3,11.03,11.16,11.16,30465819.0
2024-09-26,11.1,11.49,11.08,11.49,11.49,28996699.0
2024-09-27,11.58,12.09,11.58,12.05,12.05,30390193.0
2024-09-30,12.49,13.09,12.35,12.96,12.96,91622490.0
2024-10-08,14.25,14.26,13.29,13.98,13.98,132189942.0
2024-10-09,13.59,13.59,12.8,12.81,12.81,90661461.0
2024-10-10,12.95,13.47,12.83,13.14,13.14,66464545.0
2024-10-11,13.04,13.04,12.41,12.51,12.51,49360864.0
2024-10-14,12.71,13.04,12.63,12.98,12.98,60215512.0
2024-10-15,12.85,13.04,12.68,12.72,12.72,37080495.0
2024-10-16,12.6,12.71,12.45,12.52,12.52,33055032.0
2024-10-17,12.52,12.64,12.34,12.35,12.35,34779096.0
2024-10-18,12.31,12.87,12.26,12.69,12.69,45186545.0
2024-10-21,12.83,13.07,12.75,12.95,12.95,67172932.0
2024-10-22,12.95,12.96,12.71,12.82,12.82,39023348.0
2024-10-23,12.81,13.4,12.77,13.15,13.15,82144978.0
2024-10-24,13.08,13.1,12.85,12.91,12.91,37071601.0
2024-10-25,12.87,13.04,12.86,12.99,12.99,36434755.0
2024-10-28,13.04,13.39,13.0,13.27,13.27,48634927.0
2024-10-29,13.29,13.33,13.0,13.03,13.03,43019916.0
2024-10-30,12.7,12.98,12.46,12.83,12.83,50601808.0
2024-10-31,12.79,12.92,12.69,12.77,12.77,44383023.0
2024-11-01,12.71,12.86,12.51,12.55,12.55,37608950.0
2024-11-04,12.6,13.05,12.56,12.97,12.97,44367305.0
2024-11-05,13.1,13.66,13.1,13.6,13.6,91914855.0
2024-11-06,13.95,14.1,13.5,13.62,13.62,98893793.0
2024-11-07,13.42,13.46,13.14,13.44,13.44,87237924.0
2024-11-08,13.47,13.76,13.45,13.65,13.65,90157919.0
2024-11-11,13.69,13.99,13.58,13.98,13.98,89625492.0
2024-11-12,14.03,14.1,13.44,13.57,13.57,76965315.0
2024-11-13,13.47,13.67,13.31,13.53,13.53,42711833.0
2024-11-14,13.52,13.53,13.13,13.13,13.13,41020280.0
2024-11-15,13.11,13.21,12.78,12.8,12.8,44344441.0
2024-11-18,12.87,13.02,12.68,12.73,12.73,37928650.0
2024-11-19,12.83,12.98,12.65,12.98,12.98,33586412.0
2024-11-20,12.95,13.08,12.86,13.01,13.01,28721975.0
2024-11-21,13.02,13.02,12.82,12.9,12.9,22945134.0
2024-11-22,12.9,12.92,12.51,12.52,12.52,31329686.0
2024-11-25,12.48,12.52,12.2,12.36,12.36,31808779.0
2024-11-26,12.32,12.42,12.25,12.26,12.26,20989665.0
2024-11-27,12.26,12.51,12.13,12.5,12.5,27711146.0
2024-11-28,12.51,12.6,12.39,12.41,12.41,21216691.0
2024-11-29,12.39,12.62,12.31,12.55,12.55,24185967.0
2024-12-02,12.59,12.68,12.52,12.67,12.67,26296484.0
2024-12-03,12.68,12.69,12.48,12.61,12.61,23750901.0
2024-12-04,12.6,12.6,12.45,12.46,12.46,20965621.0
2024-12-05,12.44,12.57,12.43,12.5,12.5,16033268.0
2024-12-06,12.52,12.67,12.48,12.64,12.64,20619590.0
2024-12-09,12.63,12.64,12.45,12.52,12.52,21619180.0
2024-12-10,12.8,12.88,12.57,12.58,12.58,31496949.0
2024-12-11,12.56,12.68,12.53,12.67,12.67,19540351.0
2024-12-12,12.68,12.83,12.64,12.76,12.76,27817199.0
2024-12-13,12.69,12.69,12.25,12.29,12.29,43834669.0
2024-12-16,12.26,12.35,12.16,12.2,12.2,22464555.0
2024-12-17,12.23,12.28,12.13,12.15,12.15,20408207.0
2024-12-18,12.19,12.34,12.19,12.26,12.26,17145100.0
2024-12-19,12.17,12.23,12.1,12.21,12.21,16602822.0
2024-12-20,12.26,12.31,12.18,12.29,12.29,15882216.0
2024-12-23,12.27,12.37,12.19,12.2,12.2,23177311.0
2024-12-24,12.24,12.31,12.2,12.27,12.27,15607212.0
2024-12-25,12.26,12.29,12.13,12.23,12.23,15144112.0
2024-12-26,12.27,12.42,12.26,12.34,12.34,19724780.0
2024-12-27,12.66,12.72,12.45,12.48,12.48,47237572.0
2024-12-30,12.54,12.76,12.51,12.62,12.62,37467921.0
2024-12-31,12.61,12.66,12.33,12.33,12.33,27113279.0
